<?xml version="1.0" encoding="UTF-8"?>
<project-private xmlns="http://www.netbeans.org/ns/project-private/1">
    <editor-bookmarks xmlns="http://www.netbeans.org/ns/editor-bookmarks/2" lastBookmarkId="0"/>
    <open-files xmlns="http://www.netbeans.org/ns/projectui-open-files/2">
        <group>
            <file>file:/C:/Users/ASUS/Desktop/New%20folder/ShoeStyle_G7/test/test.java</file>
            <file>file:/C:/Users/ASUS/Desktop/New%20folder/ShoeStyle_G7/src/java/entity/Account.java</file>
            <file>file:/C:/Users/ASUS/Desktop/New%20folder/ShoeStyle_G7/src/java/DAO/DAO.java</file>
            <file>file:/C:/Users/ASUS/Desktop/New%20folder/ShoeStyle_G7/src/java/Utils/DBContrext.java</file>
            <file>file:/C:/Users/ASUS/Desktop/New%20folder/ShoeStyle_G7/src/java/controller/LoginServlet.java</file>
            <file>file:/C:/Users/ASUS/Desktop/New%20folder/ShoeStyle_G7/src/java/controller/RegisterServlet.java</file>
        </group>
    </open-files>
</project-private>
